epoch,step,train_loss,val_loss
0,24,,5.181693077087402
1,49,4.925140380859375,
1,49,,5.181623458862305
2,74,,5.181605339050293
3,99,5.112800121307373,
3,99,,5.181583881378174
4,124,,5.181541919708252
5,149,5.046558856964111,
5,149,,5.181586742401123
6,174,,5.18154764175415
7,199,5.0596923828125,
7,199,,5.181550979614258
